Primer_comb_ID,SILVA_Matched_Accessions,SILVA_Matched_Regions,SILVA_Mismatched,SILVA_short_seq,Fwd_Ecoli_position,Rev_Ecoli_position,Region,,Predicted_amplicon_size
Euk_18S_01,6273,6691,503100,1193,518,903,V4-V5,510984,385
Euk_18S_02,14615,15484,371120,124380,34,307,V1-V2,510984,273
Euk_18S_03,40134,41356,467826,1802,523,953,V4-V5,510984,430
Euk_18S_04,6284,6701,503143,1140,523,903,V4-V5,510984,380
Euk_18S_05,16396,17616,368989,124379,34,309,V1-V2,510984,275
Euk_18S_06,6254,6672,502880,1432,512,903,V4-V5,510984,391
Euk_18S_07,42052,43285,466533,1166,524,919,V4-V5,510984,395
Euk_18S_08,34736,35574,474252,1158,524,916,V4-V5,510984,392
Euk_18S_09,18,18,465103,45863,1190,1591,V8-V9,510984,401
Euk_18S_10,7097,7117,502764,1103,523,726,V4,510984,203
Euk_18S_11,9544,10403,250382,250199,19,307,V1-V2,510984,288
Euk_18S_12,36357,37214,472255,1515,510,916,V4-V5,510984,406
Euk_18S_13,42747,43997,434702,32285,1045,1386,V7-V8,510984,341
Euk_18S_14,170,173,251379,259432,15,527,V1-V3,510984,512
Euk_18S_15,7064,7085,502743,1156,518,726,V4,510984,208
Euk_18S_16,6,6,467048,43930,1250,1780,V9,510984,530
Euk_18S_17,41587,42819,435884,32281,919,1386,V6-V8,510984,467
Euk_18S_18,10459,11258,422016,77710,51,308,V1-V2,510984,257
Euk_18S_19,39,39,181132,329813,1045,1510,V7-V9,510984,465
Euk_18S_20,10029,10832,419011,81141,49,310,V1-V2,510984,261
Euk_18S_21,35545,36432,464566,9986,916,1190,V6-V7,510984,274
Euk_18S_22,0,0,0,0,,,,0,0
Euk_18S_23,162,162,447873,62949,57,491,V1-V3,510984,434
Euk_18S_24,0,0,0,0,,,,0,0
Euk_28S_01,2581,3360,170512,24971,180,572,,198843,392
Euk_28S_02,4756,4847,186101,7895,453,573,,198843,120
Euk_28S_03,567,621,193494,4728,562,799,,198843,237
Bac_16S_01,82128,123712,88630,298642,7,333,V1-V2,,
Bac_16S_02,39061,76225,185101,249658,1099,1491,V7-V9,,
Bac_16S_03,,,,,,,,,
Bac_16S_04,,,,,,,,,
Bac_16S_05,,,,,,,,,
Bac_16S_06,,,,,,,,,
Bac_16S_07,,,,,,,,,
Bac_16S_08,,,,,,,,,
Bac_16S_09,,,,,,,,,
Bac_16S_10,,,,,,,,,
